{"segGroups": [{"objectId": 1, "id": 1, "partId": 1, "index": 0, "dominantNormal": [0, -2.220446049250313e-16, 1], "obb": {"axesLengths": [3.934933560125626, 1.3489800092060855, 1.8113856197501272], "centroid": [0.26110908465964433, -0.06276894734320754, -0.9444899930318459], "normalizedAxes": [-0.0951504111289978, 0.9954628944396973, 2.2103716511339072e-16, 0, -2.220446049250313e-16, 1, 0.9954628944396973, 0.0951504111289978, 2.112763544759262e-17]}, "segments": [252, 595, 1804, 2027, 2554, 2582, 3648, 4116, 4145, 4385, 4632, 5449, 5479, 5482, 5619, 5688, 5710, 5768, 5769, 5807, 5829, 5837, 6116, 6147, 6188, 6538, 6784, 9261, 9508, 11165, 11808, 12068, 12125, 12577, 12580, 12588, 12593, 15021, 15346, 15348, 16951, 17521, 18300, 18415, 18521, 18553, 18561, 18564, 18658, 18675, 18698, 18841, 19439, 19440, 19791, 19848, 20741, 1238, 4023, 4296, 3839, 4239], "label": "floor"}, {"objectId": 6, "id": 6, "partId": 6, "index": 1, "dominantNormal": [0, -2.220446049250313e-16, 1], "obb": {"axesLengths": [2.5611718935000427, 0.21538996215038075, 1.1957565338238743], "centroid": [-0.5121515589809945, 1.4425836239799408, 1.853294943445733], "normalizedAxes": [0.21823745965957642, 0.9758957028388977, 2.166923757848988e-16, 0, -2.220446049250313e-16, 1, 0.9758957028388977, -0.21823745965957642, -4.84584505099531e-17]}, "segments": [316, 1787, 1806, 2145, 2845, 17913, 18355, 18358, 18362], "label": "ceiling"}, {"objectId": 3, "id": 3, "partId": 3, "index": 2, "dominantNormal": [0.10744565725326538, -0.994210958480835, -2.207591794880137e-16], "obb": {"axesLengths": [1.2168990377404771, 3.0685899763869484, 0.2624161737018817], "centroid": [-0.3080148248164808, 2.557343806938987, 0.3442949738366512], "normalizedAxes": [0.994210958480835, 0.10744564980268478, 2.385772686135041e-17, 0, -2.220446049250313e-16, 1, 0.10744564980268478, -0.994210958480835, -2.207591794880137e-16]}, "segments": [552, 721, 841, 870, 883, 887, 900, 925, 966, 1186, 1564, 2521, 2543, 3688, 5881, 16235, 17093, 17480, 18383, 18387, 18390, 18392, 18400, 22142], "label": "wall"}, {"objectId": 2, "id": 2, "partId": 2, "index": 3, "dominantNormal": [0.9944674372673035, 0.10504540801048279, 2.332476612087637e-17], "obb": {"axesLengths": [2.4474933053305072, 3.2932299831532674, 0.5444477972599022], "centroid": [0.2512960881623242, 1.4647898716158385, 0.2033850071795631], "normalizedAxes": [-0.10504540801048279, 0.9944674372673035, 2.2081612921882675e-16, 0, -2.220446049250313e-16, 1, 0.9944674372673035, 0.10504540801048279, 2.332476612087637e-17]}, "segments": [926, 1574, 1597, 1603, 1643, 1648, 1690, 1697, 1903, 3413, 3567, 3577, 3591, 3626, 3627, 6640, 6689, 6712, 6719, 6720, 6736, 6746, 6773, 7987, 8031, 8058, 8083, 8106, 8126, 8166, 8193, 8207, 8251, 8265, 8285, 8294, 8412, 8419, 8437, 8943, 8958, 8982, 8983, 8994, 8997, 9012, 9014, 9016, 9027, 9029, 9032, 9040, 9059, 9094, 9138, 10387, 10408, 10414, 10433, 10663, 10901, 10928, 10935, 10938, 10949, 10964, 10988, 10996, 11004, 11013, 11015, 11017, 11038, 11039, 11052, 11325, 11477, 11849, 12257, 12258, 12853, 12855, 13158, 13457, 13463, 13500, 13559, 13967, 14053, 14065, 14073, 14077, 14088, 14114, 14952, 15444, 16446, 16473, 16566, 16649, 18305, 18406, 18411, 18413, 18510, 18519, 18859, 18861, 18864, 18943, 18948, 18952, 18968, 18971, 18975, 19225, 19240, 19245, 19255, 19327, 19330, 19333, 19334, 19344, 19347, 19817, 19824, 19832, 20082, 20108, 20141, 20161, 20744, 20880, 21435, 21439, 21507, 21811, 21873, 22072, 15254], "label": "wall"}, {"objectId": 16, "id": 16, "partId": 16, "index": 4, "dominantNormal": [0, -2.220446049250313e-16, 1], "obb": {"axesLengths": [0.6380458305649666, 0.26811992522806083, 0.27188845228342107], "centroid": [0.2922010137426947, 0.9278560772700494, -1.3181599517349925], "normalizedAxes": [0.13808420300483704, 0.9904205203056335, 2.1991753314090835e-16, 0, -2.220446049250313e-16, 1, 0.9904205203056335, -0.13808420300483704, -3.066085230259686e-17]}, "segments": [1613, 6383, 6389, 6430, 11707, 11741, 11769, 13043, 13378, 15351, 18760, 18762, 18769, 19396, 19433, 19436, 19447, 19453, 20031], "label": "trash can"}, {"objectId": 4, "id": 4, "partId": 4, "index": 6, "dominantNormal": [0.9899718165397644, 0.14126500487327576, 3.136713219681914e-17], "obb": {"axesLengths": [2.3721028644504227, 3.355439945561289, 0.1574808291388072], "centroid": [-0.7501084532066635, 1.3149461276647776, 0.21888000910296812], "normalizedAxes": [-0.14126500487327576, 0.9899718165397644, 2.1981790089048756e-16, 0, -2.220446049250313e-16, 1, 0.9899718165397644, 0.14126500487327576, 3.136713219681914e-17]}, "segments": [2378, 2436, 3090, 6835, 6852, 6942, 6990, 7040, 7067, 7118, 7273, 7828, 8716, 8755, 10511, 10814, 11883, 11956, 11986, 12102, 15539, 15771, 16314, 16320, 17660, 18796, 19321, 19323], "label": "wall"}, {"objectId": 8, "id": 8, "partId": 8, "index": 8, "dominantNormal": [0, -2.220446049250313e-16, 1], "obb": {"axesLengths": [0.444855101954125, 0.0870389918899761, 0.410298839928025], "centroid": [0.11357464120150607, 0.7127491514203299, -1.0048504680573105], "normalizedAxes": [0.6689587831497192, 0.7432994842529297, 1.650456403219213e-16, 0, -2.220446049250313e-16, 1, 0.7432994842529297, -0.6689587831497192, -1.485386887156091e-16]}, "segments": [3890, 9875, 9902, 12978, 13018, 19932, 19935, 19937], "label": "stool"}, {"objectId": 13, "id": 13, "partId": 13, "index": 9, "dominantNormal": [0, -2.220446049250313e-16, 1], "obb": {"axesLengths": [0.5629918240448376, 0.4888729939861669, 0.577374718478574], "centroid": [0.14516063617158476, 1.5102803414209536, -1.2065734430940438], "normalizedAxes": [0.9989193081855774, -0.04647783190011978, -1.0320151822034114e-17, 0, -2.220446049250313e-16, 1, -0.04647783190011978, -0.9989193081855774, -2.2180464313805212e-16]}, "segments": [3943, 8321, 8358, 10208, 10655, 11858, 11887, 11976, 12680, 12749, 12888, 13263, 13273, 13293, 18870, 18873, 19464, 19503, 19506], "label": "toilet"}, {"objectId": 5, "id": 5, "partId": 5, "index": 10, "dominantNormal": [0.0825391560792923, -0.9965878129005432, -2.2128694718860214e-16], "obb": {"axesLengths": [1.132066584733671, 3.2983199812847364, 0.1840069641637557], "centroid": [-0.021172157061615793, 0.15263109302742497, 0.23918999333299507], "normalizedAxes": [0.9965878129005432, 0.0825391560792923, 1.8327374302471954e-17, 0, -2.220446049250313e-16, 1, 0.0825391560792923, -0.9965878129005432, -2.2128694718860214e-16]}, "segments": [4416, 9947, 9980, 12503, 12510, 12542, 15941, 17337, 17343, 17682, 19364, 21938, 21944], "label": "wall"}, {"objectId": 10, "id": 10, "partId": 10, "index": 11, "dominantNormal": [0.030574209988117218, -0.9995325207710266, -2.2194080368432325e-16], "obb": {"axesLengths": [0.9982716933280392, 2.144933950641736, 0.2848991612911626], "centroid": [-0.2941303659579858, 1.9244115853819097, -0.3175329630400343], "normalizedAxes": [0.9995325207710266, 0.030574209988117218, 6.788838377706434e-18, 0, -2.220446049250313e-16, 1, 0.030574209988117218, -0.9995325207710266, -2.2194080368432325e-16]}, "segments": [6667, 7513, 8037, 8471, 8474, 8510, 8566, 8605, 8865, 8896, 12407, 12417, 12423, 14515, 14526, 15481, 15595, 15597, 15860, 16074, 16076, 16150, 16300, 16328, 16403, 16425, 16428, 16445, 16483, 16544, 16710, 16772, 17137, 17180, 17931, 18150, 18201, 18781, 18791, 18833, 18912, 18916, 19771, 19838, 21011, 21098, 21519, 22206, 22271, 22286, 22336, 22363, 22414, 22495, 22537, 22558, 22571], "label": "shower curtain"}, {"objectId": 7, "id": 7, "partId": 7, "index": 12, "dominantNormal": [0, -2.220446049250313e-16, 1], "obb": {"axesLengths": [0.7731076298082663, 0.3314059898688049, 0.5300901193479348], "centroid": [0.2689662116901056, 0.6924234166752258, -0.6557029772537297], "normalizedAxes": [-0.3186753988265991, 0.9478639364242554, 2.1046807328600878e-16, 0, -2.220446049250313e-16, 1, 0.9478639364242554, 0.3186753988265991, 7.076015303177899e-17]},