{"segGroups": [{"objectId": 1, "id": 1, "partId": 1, "index": 0, "dominantNormal": [0, -2.220446049250313e-16, 1], "obb": {"axesLengths": [4.652879112538145, 0.2620099724379926, 4.6006703985890285], "centroid": [0.6265130157998242, -0.7966929341378226, -1.4010051110949704], "normalizedAxes": [0.4355087876319885, 0.9001844525337219, 1.9988110112250588e-16, 0, -2.220446049250313e-16, 1, 0.9001844525337219, -0.4355087876319885, -9.670237669112425e-17]}, "segments": [38033, 11207, 50136, 10149, 12384, 13216, 16023, 22968, 23368, 28289, 30721, 35102, 35130, 39595, 56529, 57500, 57855, 36729, 36784, 13929, 10169, 18184, 57746, 26192, 16284], "label": "floor"}, {"objectId": 2, "id": 2, "partId": 2, "index": 1, "dominantNormal": [0, -2.220446049250313e-16, 1], "obb": {"axesLengths": [2.599356164013266, 0.7810799900946019, 2.418164272525895], "centroid": [1.3040929323886667, -0.997706383271567, -1.0405401290129834], "normalizedAxes": [0.9129582643508911, -0.4080529510974884, -9.060595631493493e-17, 0, -2.220446049250313e-16, 1, -0.4080529510974884, -0.9129582643508911, -2.027174571208359e-16]}, "segments": [42176, 51086, 51386, 41060, 42803, 57908, 19139, 43366, 21558, 44355, 51510, 38235, 21033, 41235, 31182, 61414, 40478, 8435, 9988, 21007, 21171, 21377, 21378, 21993, 22013, 22196, 22253, 22467, 22846, 24098, 24101, 30685, 30781, 30839, 35560, 35986, 36480, 37194, 38086, 38093, 39347, 39420, 39926, 40486, 40981, 40987, 41090, 41124, 41142, 42685, 42711, 42798, 42844, 42930, 43818, 43838, 44388, 46693, 47504, 47509, 48233, 54181, 56439, 56461, 56522, 57167, 58631, 58635, 58643, 59023, 59818, 59821, 59829, 37154, 22895, 42911, 56990, 35409, 21201, 36868, 41329, 43359, 46678, 46730, 46756], "label": "bed"}, {"objectId": 3, "id": 3, "partId": 3, "index": 2, "dominantNormal": [0.9992980360984802, 0.03746200352907181, 8.318235773312878e-18], "obb": {"axesLengths": [3.4119021931091345, 3.36424998869933, 0.19479713939135238], "centroid": [2.32572240360961, -0.7288300882604106, 0.23212480673980407], "normalizedAxes": [-0.03746200352907181, 0.9992980360984802, 2.2188873762784672e-16, 0, -2.220446049250313e-16, 1, 0.9992980360984802, 0.03746200352907181, 8.318235773312878e-18]}, "segments": [50054, 24326, 45171, 39683, 27130, 45341, 5918, 47084, 59514, 39669, 19480, 19493, 19501, 22634, 26628, 30461, 33492, 36447, 36464, 39747, 41539, 44118, 44210, 45225, 45307, 45777, 54514, 59690, 50382, 46066, 5882, 20201, 59390, 31664, 26528, 59320], "label": "wall"}, {"objectId": 4, "id": 4, "partId": 4, "index": 3, "dominantNormal": [0, -2.220446049250313e-16, 1], "obb": {"axesLengths": [4.549125191217445, 0.11033999673262297, 4.5053404255536105], "centroid": [0.6242825765469912, -0.7717242739828711, 1.9051698085212738], "normalizedAxes": [0.8911938071250916, 0.4536227583885193, 1.007244861713817e-16, 0, -2.220446049250313e-16, 1, 0.4536227583885193, -0.8911938071250916, -1.978847768147255e-16]}, "segments": [51592, 761, 20661, 60047, 60110, 60170, 5866, 49487, 60021], "label": "ceiling"}, {"objectId": 5, "id": 5, "partId": 5, "index": 4, "dominantNormal": [0.06852056831121445, -0.9976497292518616, -2.2152273998529405e-16], "obb": {"axesLengths": [3.5100972292391495, 3.45437995818898, 0.39509922390260954], "centroid": [0.6894007683127924, -2.5688530646194705, 0.21718985004619107], "normalizedAxes": [0.9976497292518616, 0.06852056831121445, 1.5214622519902232e-17, 0, -2.220446049250313e-16, 1, 0.06852056831121445, -0.9976497292518616, -2.2152273998529405e-16]}, "segments": [30235, 14037, 41112, 6497, 2201, 1433, 1515, 1536, 1564, 1613, 1809, 1981, 2217, 2335, 2337, 2350, 2558, 2640, 2672, 2719, 2821, 2845, 9307, 14265, 17292, 17308, 17704, 21506, 23224, 32759, 41771, 43131, 48615, 48666, 51789, 51800, 51803, 55289, 60057, 17727, 17474, 3750, 2470, 6865, 52207, 1638, 1824, 2298, 2476, 2395, 51866, 51890, 3828, 14299, 14379, 14502, 53769, 17513, 53841, 17011, 52807, 51822], "label": "wall"}, {"objectId": 6, "id": 6, "partId": 6, "index": 5, "dominantNormal": [0.9991217255592346, 0.041901957243680954, 9.304103541758691e-18], "obb": {"axesLengths": [3.4826072148268152, 3.428459925313443, 0.246837726509336], "centroid": [-1.0317914456555175, -0.8664020092859134, 0.21981978572883243], "normalizedAxes": [-0.041901957243680954, 0.9991217255592346, 2.218495888238158e-16, 0, -2.220446049250313e-16, 1, 0.9991217255592346, 0.041901957243680954, 9.304103541758691e-18]}, "segments": [10727, 50339, 32874, 1468, 9590, 9834, 20149, 20155, 32895, 46673, 53177, 54236, 58469, 59065, 8848, 15551, 16116, 14738, 1871, 3892, 8989, 10154, 14895, 21554, 26071, 32832, 46618, 52334, 53082, 53099, 14627], "label": "wall"}, {"objectId": 7, "id": 7, "partId": 7, "index": 6, "dominantNormal": [0.9488331079483032, 0.3157780170440674, 7.011680503855974e-17], "obb": {"axesLengths": [1.1810641733383507, 2.504129949864819, 0.6301361211905314], "centroid": [-0.6654996980407463, -1.6593741843603234, -0.26206515986006274], "normalizedAxes": [-0.315777987241745, 0.9488331079483032, 2.1068327259417057e-16, 0, -2.220446049250313e-16, 1, 0.9488331079483032, 0.315777987241745, 7.011679842111484e-17]}, "segments": [45894, 19910, 6046, 6059, 14145, 14156, 14163, 16376, 19284, 20418, 20441, 20461, 20469, 20522, 24875, 24924, 24930, 25493, 25522, 25571, 25579, 25593, 25614, 25669, 25681, 27915, 27933, 27981, 28105, 28132, 28155, 28210, 28216, 28219, 28248, 28278, 28611, 28635, 28655, 28697, 28758, 29082, 34393, 34484, 34489, 34784, 35881, 36707, 52734, 52736, 54143, 54148, 54393, 54396, 54403, 54776, 54783, 54818, 55612, 55618, 55620, 55625, 55637, 55704, 55740, 55931, 35816, 30012, 28742, 29211, 34779, 52325, 14935, 7546, 8171, 28197, 28276, 34568], "label": "wardrobe"}, {"objectId": 8, "id": 8, "partId": 8, "index": 7, "dominantNormal": [0.9030942916870117, -0.4294423758983612, -9.53553626944184e-17], "obb": {"axesLengths": [0.8043080255405232, 1.0303319462314555, 0.656795274576864], "centroid": [-0.4416740778682662, -0.5966089829326906, -0.9417141400681994], "normalizedAxes": [0.4294423758983612, 0.9030942320823669, 2.005272019728037e-16, 0, -2.220446049250313e-16, 1, 0.9030942320823669, -0.4294423758983612, -9.53553626944184e-17]}, "segments": [17078, 39459, 22361, 38835, 54227, 38305, 56279, 56276, 13286, 15746, 16705, 38836, 38845, 39984, 56286, 16853, 38327, 15287, 18031, 16701, 17389, 15339, 15770], "label": "chair"}, {"objectId": 9, "id": 9, "partId": 9, "index": 8, "dominantNormal": [0.06636121869087219, -0.9977956414222717, -2.2155513899552653e-16], "obb": {"axesLengths": [1.709969428265662, 3.084119966236054, 0.25795299432861235], "centroid": [0.6562012295953085, -2.3762325380429337, 0.08793980334409035], "normalizedAxes": [0.9977956414222717, 0.06636121869087219, 1.473515058655832e-17, 0, -2.220446049250313e-16, 1, 0.06636121869087219, -0.9977956414222717, -2.2155513899552653e-16]}, "segments": [21661, 23528, 9402, 17809, 59857, 15099, 52506, 16775, 15047, 61047, 7454, 9455, 48959, 31033, 13457, 61005, 44730, 16504, 50363, 60884, 48731, 48103, 60673, 43118, 6732, 5168, 60621, 18565, 11541, 20611, 60310, 56308, 2066, 1666, 60837, 34755, 12475, 9434, 58976, 32456, 9375, 55889, 55837, 10338, 55792, 11354, 4, 88, 2059, 2071, 2076, 7474, 9298, 9347, 9485, 9686, 11048, 11130, 12623, 13382, 13741, 13747, 18722, 20607, 21601, 23178, 27727, 31006, 34025, 34843, 43019, 43028, 43041, 43077, 43139, 43180, 44451, 44789, 45034, 45060, 46914, 48440, 50347, 53509, 53520, 53536, 53559, 53580, 53615, 53651, 54152, 54156, 55923, 56292, 57966, 57975, 57983, 58819, 58901, 58911, 58945, 58955, 59934, 59963, 60264, 60400, 60661, 60678, 60755, 55357, 15830, 15656, 18826, 38744, 6343, 50315, 55395, 56379, 32380, 22045, 9753, 23241], "label": "curtain"}, {"objectId": 10, "id": 10, "partId": 10, "index": 9, "dominantNormal": [0.03655068576335907, -0.9993317723274231, -2.21896228575474e-16], "obb": {"axesLengths": [3.5489160722296207, 3.373439951834678, 0.15038957450247115],