{"segGroups": [{"objectId": 9, "id": 9, "partId": 9, "index": 0, "dominantNormal": [-0.5027598142623901, -0.8644261360168457, -1.9194115985873188e-16], "obb": {"axesLengths": [1.1500552950353582, 2.5199999246001243, 0.3760349629538985], "centroid": [0.903734119477565, 1.6434942413649507, -0.23000007611036155], "normalizedAxes": [0.8644261360168457, -0.5027598142623901, -1.1163510433007454e-16, 0, -2.220446049250313e-16, 1, -0.5027598142623901, -0.8644261360168457, -1.9194115985873188e-16]}, "segments": [11, 232, 443, 496, 619, 1118, 1505, 1535, 1553, 1641, 1728, 1766, 1783, 1824, 1990, 1998, 2115, 2463, 2551, 2567, 2596, 2967, 4685, 4704, 4999, 8249, 8723, 8809, 9812, 9833, 9851, 9860, 10735, 10740, 10744, 10794, 10831, 14404, 14462, 14475, 14490, 14626, 14642, 17119, 17168, 17182, 17206, 17610, 17924, 17940, 18742, 19328, 19811, 19818, 19841, 19862, 19945, 24230, 24255, 24356, 24484, 24487, 24499, 24531, 24532, 25973, 26014, 26970, 26984, 26987, 26991, 27015, 27056, 27096, 27098, 27216, 27222, 27278, 27359, 27462, 27466, 27718, 27988, 10946, 17988], "label": "curtain"}, {"objectId": 17, "id": 17, "partId": 17, "index": 1, "dominantNormal": [0.31485629081726074, -0.9491393566131592, -2.1075127345796733e-16], "obb": {"axesLengths": [0.6909451489181238, 1.9868900033781667, 0.48204240608741816], "centroid": [0.5324986538870542, -0.9104163783152286, -0.5234450755642708], "normalizedAxes": [0.9491393566131592, 0.31485629081726074, 6.991214070267942e-17, 0, -2.220446049250313e-16, 1, 0.31485629081726074, -0.9491393566131592, -2.1075127345796733e-16]}, "segments": [59, 73, 128, 415, 1137, 3925, 18118, 20627, 4579], "label": "door"}, {"objectId": 8, "id": 8, "partId": 8, "index": 2, "dominantNormal": [0.8508789539337158, -0.5253617763519287, -1.1665374807277667e-16], "obb": {"axesLengths": [0.8377398404550214, 0.8848720591171365, 0.5975293076131958], "centroid": [0.8153788400020894, 0.8130367604034743, -1.0501440554479342], "normalizedAxes": [0.5253617763519287, 0.8508789539337158, 1.8893308116523584e-16, 0, -2.220446049250313e-16, 1, 0.8508789539337158, -0.5253617763519287, -1.1665374807277667e-16]}, "segments": [137, 423, 433, 852, 865, 876, 1445, 1476, 1673, 2136, 6950, 19403, 19412, 19413, 19441, 19445, 19461, 19486, 22081, 22142, 22143, 22148, 24137, 24262, 27175, 27178, 27180, 27201, 27206, 28001, 28008, 28668, 28700, 28722, 28732, 28742], "label": "sink"}, {"objectId": 1, "id": 1, "partId": 1, "index": 3, "dominantNormal": [0, -2.220446049250313e-16, 1], "obb": {"axesLengths": [4.182633372860431, 0.3851199064004443, 2.509757899774631], "centroid": [0.018786928321671004, 1.058368770497122, -1.5225600285655247], "normalizedAxes": [0.04379001632332802, 0.9990407824516296, 2.2183161584346625e-16, 0, -2.220446049250313e-16, 1, 0.9990407824516296, -0.04379001632332802, -9.723336874174042e-18]}, "segments": [167, 1149, 1174, 1936, 2168, 2304, 2441, 6612, 6729, 8448, 15248, 18664, 18703, 18722, 18756, 18813, 18832, 20145, 21621, 22886, 22897, 23209, 23334, 23697, 23769, 23821, 23825, 24524, 27059, 29338, 29464, 29467, 29472, 26817, 26686], "label": "floor"}, {"objectId": 32, "id": 32, "partId": 32, "index": 4, "dominantNormal": [0.9376886487007141, 0.347476601600647, 7.715530472310816e-17], "obb": {"axesLengths": [0.497036269208642, 0.5200000289082518, 0.28220068947096427], "centroid": [1.260199048115443, 1.326634796976983, -0.9700000393044937], "normalizedAxes": [-0.347476601600647, 0.9376886487007141, 2.0820870554343654e-16, 0, -2.220446049250313e-16, 1, 0.9376886487007141, 0.347476601600647, 7.715530472310816e-17]}, "segments": [564, 576, 624, 1054, 1175, 7836, 24183, 24475], "label": "shelf"}, {"objectId": 6, "id": 6, "partId": 6, "index": 5, "dominantNormal": [0.9098935127258301, -0.414841890335083, -9.211340364580667e-17], "obb": {"axesLengths": [1.8509413891547102, 1.4158225786129548, 0.14793277018695566], "centroid": [1.0061273701572993, 0.5584552882111387, -0.7820887491039462], "normalizedAxes": [0.4148419201374054, 0.9098935127258301, 2.0203694555705589e-16, 0, -2.220446049250313e-16, 1, 0.9098935127258301, -0.4148419201374054, -9.211341026325157e-17]}, "segments": [967, 1153, 3838, 4334, 12784, 15054, 24138, 24165], "label": "wall"}, {"objectId": 21, "id": 21, "partId": 21, "index": 6, "dominantNormal": [0.5839962363243103, -0.8117563724517822, -1.8024612301643255e-16], "obb": {"axesLengths": [0.38783741299436436, 0.7426069659902085, 0.18751958954879142], "centroid": [0.17478199727924754, 2.7847971801383378, 0.19192642032251306], "normalizedAxes": [0.8117563724517822, 0.5839962363243103, 1.296732135723367e-16, 0, -2.220446049250313e-16, 1, 0.5839962363243103, -0.8117563724517822, -1.8024612301643255e-16]}, "segments": [1188, 2935, 3109, 5915, 18319], "label": "water heater"}, {"objectId": 2, "id": 2, "partId": 2, "index": 7, "dominantNormal": [0.8935234546661377, -0.4490165412425995, -9.970170050501703e-17], "obb": {"axesLengths": [3.6890703130113605, 3.1087499162089087, 0.4053066864747754], "centroid": [-0.7743784833051015, 1.6116098251757687, 0.06437491969403064], "normalizedAxes": [0.4490165412425995, 0.8935234546661377, 1.9840206248259167e-16, 0, -2.220446049250313e-16, 1, 0.8935234546661377, -0.4490165412425995, -9.970170050501703e-17]}, "segments": [2699, 3119, 3137, 3147, 3150, 3191, 3424, 3865, 4836, 5644, 6159, 6172, 6216, 6237, 6250, 6273, 6277, 6283, 6303, 6352, 6357, 6361, 6371, 6379, 6408, 7536, 7538, 7543, 7553, 8048, 8292, 9734, 12300, 12304, 12364, 12522, 12558, 12565, 12835, 12993, 13154, 13414, 14121, 15150, 15683, 16000, 17508, 17509, 17528, 17577, 19024, 19055, 20990, 21665, 22362, 22451, 22489, 24554, 24560, 24646, 24650, 24653, 24656, 24658, 24660, 24666, 24694, 24698, 25292, 25389, 26999, 28819, 28824, 28858, 28888, 28890, 29946, 30085, 30236, 12281, 12375, 12265, 13583, 2842, 3020, 3043], "label": "wall"}, {"objectId": 19, "id": 19, "partId": 19, "index": 8, "dominantNormal": [0, -2.220446049250313e-16, 1], "obb": {"axesLengths": [1.7219925678040635, 0.2599999846518042, 0.5176333330183814], "centroid": [-0.8512008102136387, -0.20019356944825706, 1.6799998478192113], "normalizedAxes": [0.8124293684959412, -0.5830596685409546, -1.2946525374889597e-16, 0, -2.220446049250313e-16, 1, -0.5830596685409546, -0.8124293684959412, -1.8039555815717393e-16]}, "segments": [2988, 3294, 3307, 3337, 3379, 3403, 16409], "label": "ceiling"}, {"objectId": 11, "id": 11, "partId": 11, "index": 9, "dominantNormal": [-0.3877548575401306, -0.9217625260353088, -2.0467239592820904e-16], "obb": {"axesLengths": [1.037738705423954, 2.7274798737284556, 0.5852148186933315], "centroid": [0.42036576565604, 3.0041894687895, -0.16626006250515446], "normalizedAxes": [0.9217625260353088, -0.3877548575401306, -8.60988741502601e-17, 0, -2.220446049250313e-16, 1, -0.3877548575401306, -0.9217625260353088, -2.0467239592820904e-16]}, "segments": [2943, 4117, 4149, 5086, 5403, 5492, 5688, 5709, 6016, 6141, 6275, 6463, 6553, 7777, 8830, 8858, 8930, 8943, 10041, 10049, 10104, 10124, 10126, 11367, 11417, 11458, 11656, 11977, 12535, 13598, 13694, 13791, 13893, 13895, 13929, 13979, 14194, 14993, 15040, 15051, 16752, 18105, 18161, 18163, 18171, 18182, 18229, 19993, 20038, 20049, 20051, 20063, 20111, 20786, 21105, 21190, 21863, 21878, 21926, 22221, 22388, 22920, 22979, 23009, 24617, 24618, 24648, 24753, 25441, 25445, 25446, 25449, 25574, 25593, 25605, 25636, 25724, 26961, 27039, 27758, 28024, 28607, 29170, 29229, 30158, 11370, 12441, 7046, 5954, 7766, 26966], "label": "curtain"}, {"objectId": 3, "id": 3, "partId": 3, "index": 10, "dominantNormal": [-0.4324571192264557, -0.9016544818878174, -2.002075132096642e-16], "obb": {"axesLengths": [2.2583091794588577, 3.25066988354914, 0.3070251090277867], "centroid": [-0.5955794010447363, -0.405450506708664, 0.12651496585529354], "normalizedAxes": [0.9016544818878174, -0.4324571490287781, -9.602477680310041e-17, 0, -2.220446049250313e-16, 1, -0.4324571490287781, -0.9016544818878174, -2.002075132096642e-16]},